456, armlynobinguar
49, christianebacani
25, Katherine Bulac
25, Miguel Alfonso Neri
23, Johnrick Rabara
22, Angela Loro
21, Grette Thel
18, Aditya Singh
17, lewisderp
13, Merckerk
12, Juanito M. Ramos II
12, MCNadaa
11, alexapalanog
10, Mejji
10, Melvin Sarabia
10, jemslzr
9, Anjelo Atanacio
9, Jastine V. De Guzman
8, gelai.loro
7, Alexa Palanog
7, Talha Pirzada
7, azaleanGardiner
7, ericjdz
7, samanthamozo
6, Denver Diosa Pasiliao
6, Jhon Roy Ilao
6, Monique-Andrei
6, Saeymond
6, Servin Sanchez
6, TalhaPirzada
6, carlo-1-coder
5, Edel Mae
5, Eric
5, Irckyyy
5, Irish Micole Cando
5, Ryder-37
5, Van
4, Christiane Rhely Joselle Bacani
4, Jozar Rios
4, LewisLow-dev
4, jhnroyilao
4, khryz417
3, Gerardo Razon III
3, Grette
3, Lance
3, Ranz Brendan D. Gabor
3, Rizelle Bautista
3, Verneil Kent Batiller
3, alistairhernando
3, andreilandicho
3, raiyara
2, Edel Mae Tapar
2, EraZer09
2, Frostzeichen
2, Jan Van
2, Jared Randalle Bauyon
2, Joshua Allan P. Pagallaman
2, Juaaanits
2, LanceBigInt
2, Mdjesus22
2, Serv08
2, Zeandarra Giva
2, crlsyajie
2, joveeeeellle
2, namme2316
2, nowisaur
2, thirdymaze
1, Carlo Angelo Guillermo
1, Danielle Meer
1, Dorris Lintao
1, Gwynuelle C.
1, JaredBauyon
1, Jethro Gamad
1, John Razec
1, Joyce Larona
1, Marvin James A. Erosa
1, RomarJames
1, SATYAM GUPTA
1, Tel
1, Terenz Jomar Dela Cruz
1, Tristan
1, dreamsarereal22
1, e_lll
1, jgatapia
1, jrazec
1, justinemargaretteerosa
1, shycarp
1, yoshipaxti
