URL,Quote
https://thatonerule.com/rule/hinata-hyuga-quotes/,"""Believe in yourself and stay true to your ninja way."""
https://thatonerule.com/rule/hinata-hyuga-quotes/,"""Even the tiniest spark of courage can ignite a roaring flame of strength."""
https://thatonerule.com/rule/hinata-hyuga-quotes/,"""Love isn’t about words, it’s about actions."""
https://thatonerule.com/rule/hinata-hyuga-quotes/,"""In the face of adversity, I will never give up."""
https://thatonerule.com/rule/hinata-hyuga-quotes/,"""Sometimes the hardest battles are fought within ourselves."""
https://thatonerule.com/rule/hinata-hyuga-quotes/,"""Trust can be the strongest weapon in any ninja’s arsenal."""
https://thatonerule.com/rule/hinata-hyuga-quotes/,"""Don’t underestimate the power of perseverance."""
https://thatonerule.com/rule/hinata-hyuga-quotes/,"""Sacrifice is a necessary part of becoming stronger."""
https://thatonerule.com/rule/hinata-hyuga-quotes/,"""A true ninja is never afraid to show vulnerability."""
https://thatonerule.com/rule/hinata-hyuga-quotes/,"""The only thing that limits our potential is our own self-doubt."""
https://thatonerule.com/rule/hinata-hyuga-quotes/,"""Every step forward is a step towards greatness."""
https://thatonerule.com/rule/hinata-hyuga-quotes/,"""Strength isn’t just physical, it’s mental and emotional as well."""
https://thatonerule.com/rule/hinata-hyuga-quotes/,"""Our differences make us stronger, not weaker."""
https://thatonerule.com/rule/hinata-hyuga-quotes/,"""A true ninja knows the value of teamwork."""
https://thatonerule.com/rule/hinata-hyuga-quotes/,"""Sometimes the most important battles are fought silently."""
https://thatonerule.com/rule/hinata-hyuga-quotes/,"""It’s not the size of the dog in the fight, it’s the size of the fight in the dog."""
https://thatonerule.com/rule/hinata-hyuga-quotes/,"""Sometimes the quietest voices can speak the loudest truths."""
https://thatonerule.com/rule/hinata-hyuga-quotes/,"""Fear is only temporary, but regret can last a lifetime."""
https://thatonerule.com/rule/hinata-hyuga-quotes/,"""Your past doesn’t define your future."""
https://thatonerule.com/rule/hinata-hyuga-quotes/,"""A true leader doesn’t seek power, they seek the well-being of their team."""
https://thatonerule.com/rule/hinata-hyuga-quotes/,"""Kindness is a strength, not a weakness."""
https://thatonerule.com/rule/hinata-hyuga-quotes/,"""Every failure is an opportunity to learn and grow."""
https://thatonerule.com/rule/hinata-hyuga-quotes/,"""Don’t be afraid to ask for help when you need it."""
https://thatonerule.com/rule/hinata-hyuga-quotes/,"""There is beauty in every person, no matter their flaws."""
https://thatonerule.com/rule/hinata-hyuga-quotes/,"""The greatest battles are often fought within our own minds."""
https://thatonerule.com/rule/hinata-hyuga-quotes/,"""A true warrior is not defined by their strength, but by their compassion."""
https://thatonerule.com/rule/hinata-hyuga-quotes/,"""True strength is found in protecting others, not just yourself."""
https://thatonerule.com/rule/hinata-hyuga-quotes/,"""Success is not measured by how high you climb, but by how many you bring with you."""
https://thatonerule.com/rule/hinata-hyuga-quotes/,"""Don’t judge a book by its cover, for you never know what lies beneath."""
https://thatonerule.com/rule/hinata-hyuga-quotes/,"""A true ninja knows when to fight and when to walk away."""
https://thatonerule.com/rule/hinata-hyuga-quotes/,"""The only way to overcome fear is to face it head-on."""
https://thatonerule.com/rule/hinata-hyuga-quotes/,"""Never let anyone else define your worth."""
https://thatonerule.com/rule/hinata-hyuga-quotes/,"""Even the strongest walls can crumble with the right amount of determination."""
https://thatonerule.com/rule/hinata-hyuga-quotes/,"""Embrace your weaknesses, for they can become your greatest strengths."""
https://thatonerule.com/rule/hinata-hyuga-quotes/,"""Patience is a valuable skill in the art of shinobi."""
https://thatonerule.com/rule/hinata-hyuga-quotes/,"""Sometimes the best way to win a battle is through negotiation and understanding."""
https://thatonerule.com/rule/hinata-hyuga-quotes/,"""Our scars tell stories of strength and survival."""
https://thatonerule.com/rule/hinata-hyuga-quotes/,"""Sometimes the hardest battles are fought in our hearts, not on the battlefield."""
https://thatonerule.com/rule/hinata-hyuga-quotes/,"""To be a true leader, one must lead by example."""
https://thatonerule.com/rule/hinata-hyuga-quotes/,"""Our actions speak louder than our words."""
https://thatonerule.com/rule/hinata-hyuga-quotes/,"""Success is not measured by how many enemies you defeat, but by how many friends you make."""
https://thatonerule.com/rule/hinata-hyuga-quotes/,"""True strength comes from within, not from external sources."""
https://thatonerule.com/rule/hinata-hyuga-quotes/,"""The path to greatness is often paved with obstacles and challenges."""
https://thatonerule.com/rule/hinata-hyuga-quotes/,"""The strongest warriors are those who can harness their emotions."""
https://thatonerule.com/rule/hinata-hyuga-quotes/,"""Failure is not an option; it’s a stepping stone towards success."""
https://thatonerule.com/rule/hinata-hyuga-quotes/,"""You can’t change the past, but you can shape your future."""
https://thatonerule.com/rule/hinata-hyuga-quotes/,"""Sometimes the smallest gestures can have the biggest impact."""
https://thatonerule.com/rule/hinata-hyuga-quotes/,"""The greatest battles are the ones fought for love and justice."""
https://thatonerule.com/rule/hinata-hyuga-quotes/,"""A true ninja knows when to strike and when to bide their time."""
https://thatonerule.com/rule/hinata-hyuga-quotes/,"""Our greatest strength lies in our ability to adapt and overcome."""
